{
  "project_info": {
    "project_number": "725070037511",
    "firebase_url": "https://testfcm-7f1a7.firebaseio.com",
    "project_id": "testfcm-7f1a7",
    "storage_bucket": "testfcm-7f1a7.appspot.com"
  },
  "client": [
    {
      "client_info": {
        "mobilesdk_app_id": "1:725070037511:android:b5d75907de594a2d",
        "android_client_info": {
          "package_name": "com.google.firebase.codelab.friendlychat"
        }
      },
      "oauth_client": [
        {
          "client_id": "725070037511-27668v1hrmmcgbso789etmh97hucv9dd.apps.googleusercontent.com",
          "client_type": 3
        }
      ],
      "api_key": [
        {
          "current_key": "AIzaSyDOCNmRZ09PF5fxHaSRxCGE_37hbb_7Fkc"
        }
      ],
      "services": {
        "analytics_service": {
          "status": 1
        },
        "appinvite_service": {
          "status": 1,
          "other_platform_oauth_client": []
        },
        "ads_service": {
          "status": 2
        }
      }
    }
  ],
  "configuration_version": "1"
}